City_ID,City,Country,Lat,Lng,Max Temp,Humidity,Cloudiness,Wind Speed,Current Description
0,Punta Arenas,CL,-53.15,-70.9167,8.0,76,40,14.92,scattered clouds
1,Hobart,AU,-42.8794,147.3294,17.0,51,40,5.14,scattered clouds
2,Tual,ID,-5.6667,132.75,28.17,72,99,2.31,overcast clouds
3,Yaremche,UA,48.4583,24.5519,11.0,32,75,2.0,broken clouds
4,Kieta,PG,-6.2167,155.6333,26.33,86,95,1.63,light rain
5,Lagoa,PT,39.05,-27.9833,15.49,88,95,14.06,overcast clouds
6,Barinas,VE,8.6226,-70.2075,34.0,43,99,4.63,overcast clouds
7,Macusani,PE,-14.0833,-70.4333,6.76,66,96,2.6,overcast clouds
8,Bischwiller,FR,48.7659,7.8583,12.22,43,0,4.63,clear sky
9,Busselton,AU,-33.65,115.3333,19.44,75,100,1.34,light rain
10,Dikson,RU,73.5069,80.5464,-27.94,84,14,2.55,few clouds
11,Ushuaia,AR,-54.8,-68.3,4.0,93,90,12.86,light intensity drizzle
12,Hermanus,ZA,-34.4187,19.2345,23.33,52,5,1.79,clear sky
13,New Norfolk,AU,-42.7826,147.0587,16.67,58,67,3.58,broken clouds
14,Erenhot,CN,43.6475,111.9767,4.15,25,18,2.98,few clouds
15,Port Alfred,ZA,-33.5906,26.891,20.24,64,21,8.46,few clouds
16,Jamestown,US,42.097,-79.2353,5.56,41,1,5.14,clear sky
17,Rajampet,IN,14.1833,79.1667,30.58,53,60,2.21,broken clouds
18,Kodiak,US,57.79,-152.4072,6.0,61,75,4.63,broken clouds
19,Fairbanks,US,64.8378,-147.7164,-8.89,92,90,2.06,light snow
20,Marfino,RU,55.7028,37.3822,5.0,56,0,4.0,light rain
21,Upernavik,GL,72.7868,-56.1549,-24.28,88,26,1.87,scattered clouds
22,Cherskiy,RU,68.75,161.3,-28.62,91,53,1.53,broken clouds
23,Castro,BR,-24.7911,-50.0119,21.16,61,63,2.06,broken clouds
24,Tabas,IR,33.5959,56.9244,28.97,21,90,8.53,overcast clouds
25,Bengkulu,ID,-3.8004,102.2655,24.81,87,99,6.46,overcast clouds
26,Faya,SA,18.3851,42.4509,25.0,46,20,8.23,few clouds
27,Victoria,HK,22.2855,114.1577,26.11,77,9,1.98,clear sky
28,Albany,US,42.6001,-73.9662,5.0,21,0,0.89,clear sky
29,Urumqi,CN,43.801,87.6005,8.0,53,0,1.0,clear sky
30,Kapaa,US,22.0752,-159.319,23.0,68,40,7.72,scattered clouds
31,Mitsamiouli,KM,-11.3847,43.2844,28.84,71,33,3.4,scattered clouds
32,Puerto Ayora,EC,-0.7393,-90.3518,27.0,78,20,4.12,few clouds
33,Avera,US,33.194,-82.5271,12.0,28,1,2.06,clear sky
34,Belyy Yar,RU,53.6039,91.3903,5.0,45,0,3.0,light snow
35,Iringa,TZ,-7.7667,35.7,25.0,53,40,2.57,light rain
36,Alofi,NU,-19.0595,-169.9187,21.0,100,94,0.51,overcast clouds
37,Kalakamati,BW,-20.5929,27.3121,32.0,27,40,3.09,scattered clouds
38,Sao Jose Da Coroa Grande,BR,-8.8978,-35.1478,29.3,63,13,4.07,few clouds
39,Karwar,IN,14.8,74.1333,25.9,72,98,3.25,overcast clouds
40,Bluff,NZ,-46.6,168.3333,14.44,59,69,7.6,broken clouds
41,Mahebourg,MU,-20.4081,57.7,28.0,78,40,2.06,scattered clouds
42,Sao Mateus,BR,-18.7161,-39.8589,28.84,62,50,2.78,scattered clouds
43,Joshimath,IN,30.5667,79.5667,8.11,31,50,3.7,scattered clouds
44,Belmonte,BR,-15.8631,-38.8828,27.0,78,75,4.63,broken clouds
45,San Quintin,MX,30.4833,-115.95,16.05,79,0,3.58,clear sky
46,Vaini,TO,-21.2,-175.2,24.0,100,75,6.25,light rain
47,Grindavik,IS,63.8424,-22.4338,6.0,87,75,14.4,broken clouds
48,Vaitape,PF,-16.5167,-151.75,27.51,73,89,2.81,light rain
49,Rikitea,PF,-23.1203,-134.9692,24.92,72,54,6.92,broken clouds
50,Kot Kapura,IN,30.5833,74.9,23.34,8,0,3.11,clear sky
51,Filadelfia,US,39.9523,-75.1638,7.22,28,1,4.12,clear sky
52,Husavik,IS,66.0449,-17.3389,10.0,43,75,8.23,broken clouds
53,Kwinana,AU,-32.25,115.7667,21.67,83,75,9.26,broken clouds
54,Saskylakh,RU,71.9167,114.0833,-27.01,99,99,1.02,overcast clouds
55,Tahoua,NE,14.8888,5.2692,35.73,4,3,5.31,clear sky
56,Tuktoyaktuk,CA,69.4541,-133.0374,-25.0,77,90,1.03,light snow
57,Kaniama,CD,-7.5667,24.1833,24.6,84,38,1.99,moderate rain
58,Cidreira,BR,-30.1811,-50.2056,24.02,66,1,5.34,clear sky
59,Saldanha,ZA,-33.0117,17.9442,26.0,31,33,4.63,scattered clouds
60,Hofn,IS,64.2539,-15.2082,6.38,80,100,7.41,overcast clouds
61,Yellowknife,CA,62.456,-114.3525,-21.11,77,20,3.09,few clouds
62,Vostok,RU,46.4856,135.8833,-5.07,59,8,4.13,clear sky
63,Tasiilaq,GL,65.6145,-37.6368,-3.0,59,20,6.69,few clouds
64,Hilo,US,19.7297,-155.09,20.0,88,90,3.09,moderate rain
65,Salvador,SV,13.8333,-88.9167,32.0,37,0,6.17,clear sky
66,Brantford,CA,43.1334,-80.2664,6.11,46,100,2.24,overcast clouds
67,Linxia,CN,35.6003,103.2064,3.81,95,100,0.73,overcast clouds
68,Quelimane,MZ,-17.8786,36.8883,30.0,65,40,5.14,scattered clouds
69,Kabinda,CD,-6.1333,24.4833,25.96,70,99,2.54,light rain
70,Puerto Gaitan,CO,4.3133,-72.0816,27.74,68,99,1.31,overcast clouds
71,Sao Filipe,CV,14.8961,-24.4956,24.62,61,17,3.07,few clouds
72,Adrar,MR,20.5022,-10.0711,38.42,4,80,5.15,broken clouds
73,Lorengau,PG,-2.0226,147.2712,26.06,86,100,3.16,overcast clouds
74,Mataura,NZ,-46.1927,168.8643,14.44,59,34,7.6,scattered clouds
75,Berlevag,NO,70.8578,29.0864,0.48,77,100,9.69,overcast clouds
76,Codrington,AU,-38.2667,141.9667,15.93,90,0,1.01,clear sky
77,Bowen,AU,-20.0167,148.2333,23.0,88,75,3.6,broken clouds
78,Torbay,CA,47.6666,-52.7314,6.67,93,90,5.66,mist
79,Santa Maria,BR,-29.6842,-53.8069,24.0,73,40,3.09,scattered clouds
80,Port Elizabeth,ZA,-33.918,25.5701,20.0,68,0,7.72,clear sky
81,Urdoma,RU,61.7533,48.5442,0.3,92,100,0.88,light snow
82,Coahuayana,MX,18.7333,-103.6833,27.0,44,20,0.98,few clouds
83,Kasempa,ZM,-13.4584,25.8338,24.18,61,6,2.15,clear sky
84,Saint-Philippe,RE,-21.3585,55.7679,28.0,78,75,1.03,light rain
85,Cape Town,ZA,-33.9258,18.4232,26.0,27,0,4.12,clear sky
86,Barrow,US,71.2906,-156.7887,-32.0,75,20,2.06,mist
87,Kamaishi,JP,39.2667,141.8833,9.95,90,45,3.43,scattered clouds
88,Lae,PG,-6.7221,146.9847,24.67,93,100,2.74,overcast clouds
89,Hadishahr,AZ,38.8431,45.6635,15.0,29,75,3.09,broken clouds
90,Nishihara,JP,26.1842,127.7558,23.0,94,75,1.54,broken clouds
91,Tiksi,RU,71.6872,128.8694,-24.81,100,100,2.91,overcast clouds
92,Bathsheba,BB,13.2167,-59.5167,29.0,54,40,11.32,scattered clouds
93,Salzwedel,DE,52.85,11.15,12.22,40,31,1.79,scattered clouds
94,Atuona,PF,-9.8,-139.0333,26.95,75,98,6.99,overcast clouds
95,Manono,CD,-7.3,27.4167,27.22,71,88,0.68,overcast clouds
96,Bosaso,SO,11.2842,49.1816,28.0,78,0,3.09,clear sky
97,Samarinda,ID,-0.5,117.15,23.98,97,97,0.37,overcast clouds
98,Svetlogorsk,BY,52.6333,29.7333,6.76,61,100,2.97,overcast clouds
99,Bakaly,RU,55.1789,53.8028,1.8,92,100,3.61,overcast clouds
100,Caucasia,CO,7.9865,-75.1935,24.68,90,100,2.77,overcast clouds
101,Kilindoni,TZ,-7.9139,39.6668,26.64,79,100,6.92,overcast clouds
102,Baiquan,CN,47.5833,126.0833,0.61,28,0,1.36,clear sky
103,Carnarvon,AU,-24.8667,113.6333,27.0,74,40,8.75,scattered clouds
104,Bhuban,IN,20.8833,85.8333,25.19,75,53,2.46,broken clouds
105,Wajir,KE,1.7471,40.0573,33.56,39,98,4.14,light rain
106,Laguna,US,38.421,-121.4238,10.0,76,1,4.63,clear sky
107,Avarua,CK,-21.2078,-159.775,26.0,83,40,4.12,scattered clouds
108,Narsaq,GL,60.9167,-46.05,4.0,81,75,1.54,broken clouds
109,Evensk,RU,61.95,159.2333,-19.16,77,1,4.22,clear sky
110,East London,ZA,-33.0153,27.9116,20.0,64,0,6.17,clear sky
111,Necochea,AR,-38.5473,-58.7368,25.0,54,59,2.24,broken clouds
112,Ndele,CF,8.4109,20.6473,37.85,17,89,2.15,overcast clouds
113,Banyo,CM,6.75,11.8167,33.17,13,100,4.18,overcast clouds
114,Sibolga,ID,1.7427,98.7792,24.98,88,100,2.24,moderate rain
115,San Lawrenz,MT,36.0553,14.204,21.0,64,0,5.14,clear sky
116,Iskateley,RU,67.6803,53.1512,-9.72,90,99,1.02,overcast clouds
117,Lebu,CL,-37.6167,-73.65,15.63,69,13,5.28,few clouds
118,Severo-Kurilsk,RU,50.6789,156.125,0.86,89,100,8.55,overcast clouds
119,Haines Junction,CA,60.7522,-137.5108,-19.0,84,100,0.51,overcast clouds
120,Norman Wells,CA,65.282,-126.8329,-23.0,77,75,1.54,broken clouds
121,Santa Cruz Del Sur,CU,20.7147,-77.9956,25.63,57,59,9.94,broken clouds
122,Ponta Do Sol,PT,32.6667,-17.1,17.78,60,63,2.24,broken clouds
123,Mar Del Plata,AR,-38.0023,-57.5575,21.0,83,40,4.63,scattered clouds
124,Arraial Do Cabo,BR,-22.9661,-42.0278,28.0,69,20,3.09,few clouds
125,Pacific Grove,US,36.6177,-121.9166,11.11,71,90,1.54,overcast clouds
126,Ancud,CL,-41.8697,-73.8203,14.0,62,0,1.54,clear sky
127,Yelatma,RU,54.9675,41.7508,1.24,91,100,1.37,overcast clouds
128,Namibe,AO,-15.1961,12.1522,30.0,70,40,5.14,scattered clouds
129,Lasa,IT,46.6166,10.7002,18.0,34,20,3.6,few clouds
130,Baiao,BR,-2.7906,-49.6717,31.83,55,65,1.22,broken clouds
131,Ballina,AU,-28.8667,153.5667,22.0,83,40,4.12,scattered clouds
132,Nuuk,GL,64.1835,-51.7216,-6.0,73,40,6.69,scattered clouds
133,Kaitangata,NZ,-46.2817,169.8464,10.4,59,99,4.89,overcast clouds
134,Tessalit,ML,20.1986,1.0114,34.81,4,0,4.94,clear sky
135,Khatanga,RU,71.9667,102.5,-31.66,90,14,1.97,few clouds
136,Vilsbiburg,DE,48.45,12.35,10.56,68,88,2.68,overcast clouds
137,Butaritari,KI,3.0707,172.7902,27.98,79,32,7.48,light rain
138,Esperance,AU,-33.8667,121.9,18.0,72,90,5.66,overcast clouds
139,Eyl,SO,7.9803,49.8164,27.74,67,3,5.77,clear sky
140,Mo I Rana,NO,66.3128,14.1428,4.0,87,75,5.14,light rain
141,Pangnirtung,CA,66.1451,-65.7125,-24.0,53,1,3.09,clear sky
142,Loukhi,RU,66.0764,33.0381,1.38,84,94,1.55,overcast clouds
143,Amberley,US,39.2048,-84.428,8.89,39,1,3.6,clear sky
144,Novopokrovka,UA,49.8425,36.5477,8.0,46,0,4.0,clear sky
145,Nizhniy Odes,RU,63.6445,54.856,-1.72,93,100,1.04,overcast clouds
146,Asfi,MA,32.2994,-9.2372,18.08,65,0,8.82,clear sky
147,Sao Joao Da Barra,BR,-21.6403,-41.0511,30.0,51,20,3.09,few clouds
148,Wageningen,NL,51.9667,5.6667,11.11,57,75,5.66,broken clouds
149,Cabo San Lucas,MX,22.8909,-109.9124,27.22,43,40,2.93,scattered clouds
150,Bredasdorp,ZA,-34.5322,20.0403,27.0,34,24,4.12,few clouds
151,Conde,BR,-7.2597,-34.9075,26.0,94,75,1.54,broken clouds
152,Zhireken,RU,52.8249,117.3076,-0.96,66,95,3.46,overcast clouds
153,Saint George,US,37.1041,-113.5841,13.0,35,1,1.43,clear sky
154,Talnakh,RU,69.4865,88.3972,-23.99,73,0,2.8,clear sky
155,Kilcullen,IE,53.1303,-6.7444,13.33,62,20,3.6,few clouds
156,Khagaria,IN,25.5,86.4833,29.1,6,0,3.66,clear sky
157,Yabassi,CM,4.457,9.9682,33.0,66,40,2.06,scattered clouds
158,Ugoofaaru,MV,5.6667,73.0,28.81,71,19,4.64,few clouds
159,Souillac,MU,-20.5167,57.5167,28.0,78,40,2.06,scattered clouds
160,Port Lincoln,AU,-34.7333,135.8667,20.16,59,0,1.45,clear sky
161,Cairns,AU,-16.9167,145.7667,24.0,88,90,3.6,overcast clouds
162,Naze,JP,28.3667,129.4833,18.98,90,60,3.25,broken clouds
163,Deputatskiy,RU,69.3,139.9,-25.23,100,100,0.81,overcast clouds
164,Bobon,PH,12.5246,124.5636,26.01,86,62,3.97,broken clouds
165,Anadyr,RU,64.75,177.4833,-16.0,85,40,3.0,light snow
166,Faanui,PF,-16.4833,-151.75,27.51,73,88,2.8,light rain
167,Bakel,SN,14.905,-12.4568,41.37,7,2,3.23,clear sky
168,Ostrovnoy,RU,68.0531,39.5131,-5.1,91,30,3.52,scattered clouds
169,Nhulunbuy,AU,-12.2333,136.7667,25.0,88,100,2.57,overcast clouds
170,Kimbe,PG,-5.5502,150.1429,24.36,92,96,1.39,overcast clouds
171,Santa Cruz,BO,-17.8,-63.1667,29.0,61,75,6.69,broken clouds
172,Axim,GH,4.8699,-2.2405,29.11,72,52,4.31,light rain
173,Mhlume,SZ,-26.0333,31.85,17.0,88,67,3.6,broken clouds
174,Leningradskiy,RU,69.3833,178.4167,-30.21,95,99,2.35,overcast clouds
175,San Cristobal,VE,7.7669,-72.225,31.0,45,40,9.77,scattered clouds
176,Saint-Joseph,RE,-21.3667,55.6167,28.0,78,75,1.03,light rain
177,Hithadhoo,MV,-0.6,73.0833,28.68,75,51,7.14,broken clouds
178,Paita,PE,-5.0892,-81.1144,26.0,69,0,3.09,clear sky
179,Ixtapa,MX,20.7,-105.2,24.0,83,40,2.06,scattered clouds
180,Ha Noi,VN,21.0245,105.8412,25.0,94,75,2.57,broken clouds
181,Sinnamary,GF,5.3833,-52.95,27.14,80,97,3.32,overcast clouds
182,Santana Do Mundau,BR,-9.1681,-36.2222,30.0,66,75,3.6,broken clouds
183,Ahuimanu,US,21.4447,-157.8378,22.0,73,20,4.12,few clouds
184,Asau,RO,46.4333,26.4,4.44,62,100,1.51,light rain
185,Fjerritslev,DK,57.0813,9.2664,10.56,40,52,3.6,broken clouds
186,Georgetown,MY,5.4112,100.3354,30.0,79,20,2.57,few clouds
187,Ust-Ishim,RU,57.6935,71.1665,-0.25,92,16,3.42,few clouds
188,Raudeberg,NO,61.9875,5.1352,6.67,82,99,8.39,overcast clouds
189,Olafsvik,IS,64.8945,-23.7142,4.97,91,100,14.42,moderate rain
190,Zholymbet,KZ,51.7433,71.7122,-6.83,93,7,2.82,clear sky
191,Edson,CA,53.5835,-116.4356,-3.0,100,75,1.54,broken clouds
192,Longyearbyen,SJ,78.2186,15.6401,-8.0,67,20,4.12,few clouds
193,Biloela,AU,-24.4167,150.5,20.64,78,97,6.25,overcast clouds
194,Hasaki,JP,35.7333,140.8333,14.0,88,0,2.57,clear sky
195,Touros,BR,-5.1989,-35.4608,27.0,83,75,5.14,light rain
196,Salalah,OM,17.0151,54.0924,29.0,74,0,4.12,clear sky
197,Kirando,TZ,-7.4167,30.6,25.34,76,46,0.29,light rain
198,Yumen,CN,40.2833,97.2,7.97,53,100,5.95,light rain
199,Khandyga,RU,62.6667,135.6,-20.47,98,100,0.36,overcast clouds
200,Cockburn Town,TC,21.4612,-71.1419,24.73,75,97,4.98,overcast clouds
201,Resistencia,AR,-27.4606,-58.9839,28.33,44,0,2.57,clear sky
202,Cayenne,GF,4.9333,-52.3333,30.0,74,75,5.14,broken clouds
203,Talant,FR,47.3369,5.0089,12.0,37,0,8.75,clear sky
204,Roebourne,AU,-20.7833,117.1333,28.92,53,38,2.02,scattered clouds
205,Ribeira Grande,PT,38.5167,-28.7,17.0,94,75,11.32,broken clouds
206,Dunedin,NZ,-45.8742,170.5036,14.05,48,99,3.84,overcast clouds
207,Thompson,CA,55.7435,-97.8558,-3.0,68,75,5.14,broken clouds
208,Aparecida Do Taboado,BR,-20.0867,-51.0936,32.45,29,66,1.86,broken clouds
209,Maniitsoq,GL,65.4167,-52.9,-7.27,52,12,3.18,few clouds
210,Manakara,MG,-22.1333,48.0167,24.14,74,0,2.83,clear sky
211,Bac Lieu,VN,9.285,105.7244,28.2,72,45,4.21,scattered clouds
212,Punta Gorda,US,26.9298,-82.0454,20.0,45,20,6.69,few clouds
213,Puerto Escondido,MX,15.85,-97.0667,30.0,79,1,2.57,clear sky
214,Jurado,CO,7.1053,-77.7641,27.8,78,98,0.83,moderate rain
215,Clyde River,CA,70.4692,-68.5914,-27.0,69,20,1.86,few clouds
216,Mandalgovi,MN,45.7625,106.2708,1.13,52,27,3.06,scattered clouds
217,Boa Vista,BR,2.8197,-60.6733,32.0,45,40,9.26,scattered clouds
218,San Buenaventura,MX,27.0833,-101.5333,15.0,72,75,1.64,broken clouds
219,Ternate,ID,0.8,127.4,27.86,82,42,4.12,scattered clouds
220,Saint-Pierre,RE,-21.3393,55.4781,28.0,78,75,1.03,light rain
221,Verkhoyansk,RU,67.5447,133.385,-20.51,98,100,1.97,light snow
222,Tuy Hoa,VN,13.0833,109.3,25.19,92,37,1.53,scattered clouds
223,Qaanaaq,GL,77.484,-69.3632,-24.37,87,100,4.71,overcast clouds
224,Walla Walla,US,46.0646,-118.343,11.67,61,1,1.48,clear sky
225,Nanning,CN,22.8167,108.3167,22.0,88,90,3.0,mist
226,Klaksvik,FO,62.2266,-6.589,8.0,81,75,15.43,broken clouds
227,Pankrushikha,RU,53.8319,80.3406,-4.72,93,100,3.05,overcast clouds
228,Yongan,CN,39.6957,113.6871,4.92,22,5,1.63,clear sky
229,Fuerte Olimpo,PY,-21.0415,-57.8738,35.16,31,99,0.21,overcast clouds
230,Qasigiannguit,GL,68.8193,-51.1922,-14.0,72,75,6.17,snow
231,Imperia,IT,43.9667,7.7833,17.0,77,20,5.14,moderate rain
232,Ngozi,BI,-2.9075,29.8306,17.72,93,99,0.05,light rain
233,Yook,PH,13.2261,121.964,25.34,84,0,2.99,clear sky
234,Elizabeth City,US,36.2946,-76.2511,8.0,36,1,6.17,clear sky
235,Beringovskiy,RU,63.05,179.3167,-17.56,88,100,7.36,overcast clouds
236,Astana,KZ,51.1801,71.446,1.0,80,0,6.0,clear sky
237,Rawson,AR,-43.3002,-65.1023,24.56,41,7,5.27,clear sky
238,Pevek,RU,69.7008,170.3133,-32.04,98,39,1.17,scattered clouds
239,Noyabrsk,RU,63.1994,75.4507,-0.38,84,100,4.97,overcast clouds
240,Geraldton,AU,-28.7667,114.6,25.0,65,89,7.2,overcast clouds
241,Great Falls,US,47.5002,-111.3008,11.0,32,1,5.14,clear sky
242,Provideniya,RU,64.3833,-173.3,-14.75,93,99,5.22,overcast clouds
243,Ruidoso,US,33.3317,-105.673,14.44,38,75,3.09,broken clouds
244,Manaure,CO,11.7751,-72.4445,29.42,60,93,7.15,overcast clouds
245,Bilma,NE,18.6853,12.9164,31.65,7,0,3.34,clear sky
246,Thisted,DK,56.9552,8.6949,10.56,51,40,0.89,scattered clouds
247,Moranbah,AU,-22.0016,148.0466,19.7,86,40,7.3,scattered clouds
248,Vao,NC,-22.6667,167.4833,24.59,79,100,11.38,moderate rain
249,Singleton,AU,-32.5667,151.1833,15.56,83,7,0.89,clear sky
250,Sterling,US,39.0062,-77.4286,7.22,33,1,5.66,clear sky
251,Barra Patuca,HN,15.8,-84.2833,25.85,79,19,6.59,few clouds
252,Praia Da Vitoria,PT,38.7333,-27.0667,17.0,88,75,10.88,broken clouds
253,Bloemhof,ZA,-27.6469,25.607,27.18,20,87,4.01,overcast clouds
254,Vidalia,US,32.2177,-82.4135,13.0,24,1,2.06,clear sky
255,Margate,GB,51.3813,1.3862,9.44,60,94,3.58,overcast clouds
256,Te Anau,NZ,-45.4167,167.7167,10.92,75,13,4.88,few clouds
257,Fortuna,US,40.5982,-124.1573,8.33,93,90,2.06,overcast clouds
258,Kondoa,TZ,-4.9,35.7833,20.71,79,94,2.48,light rain
259,Izhma,RU,65.0083,53.9113,-2.33,95,100,1.11,overcast clouds
260,Nome,US,64.5011,-165.4064,-8.0,79,90,2.23,light snow
261,Byron Bay,AU,-28.65,153.6167,22.0,83,40,4.12,scattered clouds
262,Maltahohe,NA,-24.8333,16.9833,31.5,16,11,2.95,few clouds
263,Gurupa,BR,-1.405,-51.64,30.58,59,71,1.68,broken clouds
264,Bethel,US,41.3712,-73.414,5.0,24,1,5.66,clear sky
265,Pochutla,MX,15.7432,-96.4661,30.0,65,1,2.07,clear sky
266,Baykit,RU,61.67,96.37,-3.21,98,100,0.83,light snow
267,Shellbrook,CA,53.2168,-106.4011,0.0,80,40,1.15,scattered clouds
268,Gamba,GA,-2.65,10.0,27.28,75,99,1.52,overcast clouds
269,San Juan,AR,-31.5375,-68.5364,25.18,44,5,1.71,clear sky
270,Okha,RU,53.5739,142.9478,-5.68,87,99,8.0,overcast clouds
271,Oktyabrskiy,RU,54.4815,53.471,0.97,99,100,1.02,overcast clouds
272,San Alberto,CO,7.7611,-73.3922,24.72,91,100,0.23,overcast clouds
273,Korla,CN,41.7597,86.1469,10.73,25,78,5.88,broken clouds
274,Soe,ID,-9.8607,124.284,19.03,97,100,2.25,moderate rain
275,La Macarena,CO,2.1837,-73.7849,27.56,72,92,1.37,overcast clouds
276,San Antonio,US,29.4241,-98.4936,16.0,82,75,4.12,broken clouds
277,Castelo Do Piaui,BR,-5.3222,-41.5525,32.13,46,5,2.92,clear sky
278,Ayni,TJ,39.3941,68.5377,7.49,54,98,3.93,overcast clouds
279,Chauk,MM,20.8833,94.8167,31.04,42,59,6.92,broken clouds
280,Hukuntsi,BW,-24.0,21.75,31.22,19,0,2.3,clear sky
281,Tigil,RU,57.8,158.6667,-14.68,98,100,1.69,overcast clouds
282,Telde,ES,27.9924,-15.4192,22.0,53,20,12.86,few clouds
283,Shulan,CN,44.4167,126.95,1.1,36,80,1.46,broken clouds
284,Rudbar,AF,30.15,62.6,32.13,11,0,2.41,clear sky
285,Kardla,EE,58.9978,22.7492,4.44,72,40,7.15,scattered clouds
286,Marzuq,YE,14.4,46.4667,26.47,25,11,5.57,few clouds
287,Beruwala,LK,6.4788,79.9828,26.99,78,100,2.5,overcast clouds
288,Mount Pleasant,US,32.7941,-79.8626,13.33,25,1,2.33,clear sky
289,Port-Gentil,GA,-0.7193,8.7815,29.0,79,40,5.14,scattered clouds
290,College,US,64.8569,-147.8028,-8.89,79,90,1.08,light snow
291,Vila Franca Do Campo,PT,37.7167,-25.4333,18.0,82,75,9.26,broken clouds
292,Saint-Georges,GD,12.0564,-61.7485,29.0,70,75,8.75,broken clouds
293,Djambala,CG,-2.5447,14.7533,25.33,71,100,1.43,overcast clouds
294,Las Vegas,US,36.175,-115.1372,21.67,22,1,0.46,clear sky
295,Berezovyy,RU,51.6667,135.7,-3.88,65,83,5.37,broken clouds
296,Okhotsk,RU,59.3833,143.3,-4.52,70,100,6.33,overcast clouds
297,Bambous Virieux,MU,-20.3428,57.7575,28.0,78,40,2.06,scattered clouds
298,Kenai,US,60.5544,-151.2583,-5.0,93,40,1.54,scattered clouds
299,Nouadhibou,MR,20.931,-17.0347,27.0,50,91,6.17,overcast clouds
300,San Mateo Del Mar,MX,16.2,-95.0,24.86,61,0,17.12,clear sky
301,Kolosovka,RU,56.4678,73.611,-2.57,96,53,3.82,broken clouds
302,Hammerfest,NO,70.6634,23.6821,1.0,69,90,6.69,light snow
303,Melioratorov,RU,57.2107,65.6077,5.0,52,0,4.0,clear sky
304,Hashtrud,IR,37.4779,47.0508,8.62,35,85,7.35,overcast clouds
305,Port Macquarie,AU,-31.4333,152.9167,17.22,100,99,2.11,overcast clouds
306,Hambantota,LK,6.1241,81.1185,29.0,74,20,2.57,few clouds
307,Chokurdakh,RU,70.6333,147.9167,-31.32,100,63,1.99,broken clouds
308,Carutapera,BR,-1.195,-46.02,29.25,69,56,2.91,broken clouds
309,Voyskovitsy,RU,59.5287,29.964,4.0,70,40,4.0,light rain
310,Poum,NC,-20.2333,164.0167,26.57,83,99,7.38,overcast clouds
311,Chuy,UY,-33.6971,-53.4616,23.68,53,49,3.61,scattered clouds
312,Chebenki,RU,51.9337,55.7077,2.0,87,90,4.0,overcast clouds
313,Dwarka,IN,22.2394,68.9678,27.72,64,5,5.27,clear sky
314,Goderich,CA,43.7501,-81.7165,3.0,56,100,6.17,overcast clouds
315,Atar,MR,20.5169,-13.0499,39.24,8,79,3.39,broken clouds
316,Eureka,US,40.8021,-124.1637,9.44,83,87,0.98,overcast clouds
317,La Crosse,US,43.8014,-91.2396,12.22,47,1,2.57,clear sky
318,Lompoc,US,34.6391,-120.4579,10.0,81,63,2.06,broken clouds
319,Imbituba,BR,-28.24,-48.6703,23.0,78,75,1.54,broken clouds
320,Plettenberg Bay,ZA,-34.0527,23.3716,19.48,67,8,3.27,clear sky
321,Oktyabrskoye,RU,43.0645,44.7417,14.0,54,75,4.0,broken clouds
322,Port Hardy,CA,50.6996,-127.4199,6.0,100,90,1.6,light rain
323,Inhambane,MZ,-23.865,35.3833,28.0,57,40,2.57,scattered clouds
324,Mingaora,PK,34.7758,72.3625,16.41,28,87,2.2,overcast clouds
325,Ahipara,NZ,-35.1667,173.1667,15.68,89,54,1.49,broken clouds
326,Teguldet,RU,57.3064,88.1667,0.53,97,100,3.9,light snow
327,Muros,ES,42.7762,-9.0603,21.67,51,0,5.27,clear sky
328,Havoysund,NO,70.9963,24.6622,1.0,69,90,6.69,snow
329,Qunduz,AF,36.729,68.857,16.83,39,47,1.5,scattered clouds
330,Anderson,US,34.5334,-82.6499,11.0,25,1,1.54,clear sky
331,Guiratinga,BR,-16.3494,-53.7583,30.64,50,61,1.99,moderate rain
332,Coromandel,BR,-18.4733,-47.2003,29.7,43,49,1.53,scattered clouds
333,Loandjili,CG,-4.7561,11.8578,30.0,74,20,3.09,light rain
334,Mackay,AU,-21.15,149.2,22.0,100,90,4.63,overcast clouds
335,Izumo,JP,35.3667,132.7667,19.0,52,75,7.72,broken clouds
336,Ellisras,ZA,-23.6649,27.7443,32.85,21,53,2.94,broken clouds
337,Khuzdar,PK,27.7384,66.6434,27.72,12,5,3.05,clear sky
338,Yulara,AU,-25.2406,130.9889,24.0,33,0,3.6,clear sky
339,Katsuura,JP,35.1333,140.3,16.67,84,90,4.98,overcast clouds
340,Bustamante,MX,26.5333,-100.5,16.83,74,99,4.52,overcast clouds
341,Nanortalik,GL,60.1432,-45.2371,2.56,99,100,1.53,overcast clouds
342,Bokoro,TD,12.3807,17.0568,38.86,8,46,3.79,scattered clouds
343,Okato,NZ,-39.2,173.8833,11.67,75,48,1.79,scattered clouds
344,Santa Maria Del Oro,MX,25.9333,-105.3667,19.29,48,100,1.07,overcast clouds
345,Airai,TL,-8.9266,125.4092,16.19,93,100,1.75,overcast clouds
346,Tsabong,BW,-26.0217,22.401,31.99,20,0,4.38,clear sky
347,Kahului,US,20.8947,-156.47,20.0,100,40,2.57,scattered clouds
348,Grand Gaube,MU,-20.0064,57.6608,27.78,77,4,1.34,clear sky
349,Kolokani,ML,13.5728,-8.0339,39.94,4,7,4.48,clear sky
350,Tiznit,MA,29.5833,-9.5,20.04,46,0,5.49,clear sky
351,Vetluga,RU,57.8557,45.781,0.59,87,100,1.75,overcast clouds
352,Mount Gambier,AU,-37.8333,140.7667,12.0,82,0,0.99,clear sky
353,Sur,OM,22.5667,59.5289,30.93,41,0,3.97,clear sky
354,Mingguang,CN,32.7802,117.9638,7.75,85,94,4.66,overcast clouds
355,Khani,GE,41.9563,42.9566,14.0,58,40,1.54,scattered clouds
356,Cerrito,CO,6.8432,-72.694,24.0,73,75,3.6,broken clouds
357,Mikhaylovka,RU,50.06,43.2379,13.33,60,100,7.15,overcast clouds
358,Kindia,GN,10.0569,-12.8658,37.87,19,74,1.41,broken clouds
359,Tomatlan,MX,19.9333,-105.25,26.73,42,94,1.2,overcast clouds
360,Jumla,NP,29.2747,82.1838,5.02,22,16,2.15,few clouds
361,Oussouye,SN,12.485,-16.5469,36.0,32,0,3.09,clear sky
362,Zavallya,UA,48.2135,30.0156,10.8,40,100,1.65,overcast clouds
363,Westport,US,41.1415,-73.3579,5.0,26,1,5.66,clear sky
364,Nogliki,RU,51.8333,143.1667,-3.48,89,60,7.96,broken clouds
365,Luderitz,NA,-26.6481,15.1594,26.83,45,0,10.49,clear sky
366,Coihaique,CL,-45.5752,-72.0662,13.0,58,75,1.54,broken clouds
367,Marsa Matruh,EG,31.3525,27.2453,21.15,40,0,2.01,clear sky
368,Sayyan,YE,15.1718,44.3244,21.18,21,6,3.14,clear sky
369,Davila,PH,18.4726,120.5763,27.0,89,20,1.54,few clouds
370,Port Blair,IN,11.6667,92.75,26.08,75,100,1.64,overcast clouds
371,Rio Gallegos,AR,-51.6226,-69.2181,8.0,81,75,7.72,broken clouds
372,North Bend,US,43.4065,-124.2243,6.11,93,1,1.0,clear sky
373,Rassvet,RU,46.8333,40.75,8.81,82,100,8.08,overcast clouds
374,Sabha,LY,27.0377,14.4283,28.54,10,5,4.18,clear sky
375,Lerwick,GB,60.1545,-1.1494,8.0,87,75,9.26,broken clouds
376,Iqaluit,CA,63.7506,-68.5145,-22.78,64,20,2.86,few clouds
377,Zaraza,VE,9.3503,-65.3245,33.19,36,32,3.85,scattered clouds
378,Sovetskiy,RU,61.3614,63.5842,1.07,96,100,2.84,overcast clouds
379,Nagua,DO,19.3832,-69.8474,29.0,70,20,2.06,few clouds
380,Khorixas,NA,-20.3667,14.9667,33.11,20,8,5.85,clear sky
381,Porto Novo,BJ,6.4965,2.6036,32.0,70,40,4.63,haze
382,Salug,PH,8.1147,122.7833,25.87,84,100,3.66,overcast clouds
383,Lavrentiya,RU,65.5833,-171.0,-16.22,91,100,4.79,overcast clouds
384,Zheleznodorozhnyy,RU,55.7503,38.0042,5.0,60,0,4.0,light rain
385,Berja,ES,36.8469,-2.9497,19.0,77,20,3.09,few clouds
386,Nakusp,CA,50.2499,-117.8023,1.0,93,100,0.96,overcast clouds
387,Yarkovo,RU,57.4028,67.0786,1.76,87,100,4.37,overcast clouds
388,Raxaul,IN,26.9833,84.85,26.23,6,0,3.06,clear sky
389,Pisco,PE,-13.7,-76.2167,24.0,73,61,3.09,broken clouds
390,Awbari,LY,26.5921,12.7805,29.54,8,1,4.52,clear sky
391,Pimenta Bueno,BR,-11.6725,-61.1936,28.09,76,96,0.44,overcast clouds
392,Emmauss,RU,56.7805,36.115,4.19,71,95,2.29,overcast clouds
393,Surt,LY,31.2089,16.5887,27.88,24,14,0.9,few clouds
394,Asosa,ET,10.0667,34.5333,30.63,20,94,3.31,overcast clouds
395,Ibanda,TZ,-2.7974,32.4746,25.0,69,20,2.57,light rain
396,Erdenet,MN,49.0333,104.0833,0.61,20,19,2.35,few clouds
397,Padang,ID,-0.9492,100.3543,24.0,83,75,3.6,broken clouds
398,Jinchang,CN,38.4953,102.1739,6.84,31,100,4.46,overcast clouds
399,Odessa,UA,46.4775,30.7326,10.0,53,0,6.0,clear sky
400,Jensen Beach,US,27.2545,-80.2298,21.0,40,75,6.17,broken clouds
401,Nikolskoye,RU,59.7035,30.7861,4.0,70,40,4.0,light rain
402,Manjacaze,MZ,-24.7117,33.8828,24.19,73,62,6.13,broken clouds
403,Tabuk,PH,17.4189,121.4443,22.86,62,0,1.5,clear sky
404,Rioblanco,CO,3.5308,-75.6806,17.64,92,100,0.51,overcast clouds
405,Hay River,CA,60.8156,-115.7999,-20.0,77,67,2.06,broken clouds
406,Gat,IL,31.61,34.7642,16.67,55,0,0.45,clear sky
407,Tommot,RU,58.9564,126.2925,-17.88,96,91,1.03,overcast clouds
408,Sisimiut,GL,66.9395,-53.6735,-11.51,58,0,4.94,clear sky
409,Poronaysk,RU,49.2167,143.1167,-0.56,57,1,8.96,clear sky
410,Myitkyina,MM,25.3833,97.4,23.69,27,0,1.37,clear sky
411,Kruisfontein,ZA,-34.0033,24.7314,22.78,60,28,4.02,scattered clouds
412,Talcahuano,CL,-36.7167,-73.1167,17.0,67,20,1.03,few clouds
413,La Ronge,CA,55.1001,-105.2842,-3.0,74,74,1.54,broken clouds
414,Forestville,US,38.8451,-76.875,7.78,33,1,3.6,clear sky
415,Svarstad,NO,59.399,9.9698,10.56,45,25,0.89,scattered clouds
416,Xichang,CN,27.8964,102.2634,15.49,30,13,0.75,few clouds
417,Beian,NO,63.6559,9.5683,6.0,87,75,13.38,broken clouds
418,Constitucion,CL,-35.3333,-72.4167,19.74,50,0,3.04,clear sky
419,Mananjary,MG,-21.2167,48.3333,24.78,72,1,2.43,clear sky
420,Labuan,MY,5.2767,115.2417,28.0,83,20,2.06,few clouds
421,Iquique,CL,-20.2208,-70.1431,20.0,68,90,2.57,overcast clouds
422,Decs,HU,46.2843,18.76,11.0,40,0,5.66,clear sky
423,Ulladulla,AU,-35.35,150.4667,17.0,82,0,2.57,clear sky
424,Hovd,MN,48.0056,91.6419,1.02,27,0,1.07,clear sky
425,Koslan,RU,63.4564,48.8989,-0.39,81,100,1.38,overcast clouds
426,Puerto Baquerizo Moreno,EC,-0.9,-89.6,27.0,83,20,4.12,few clouds
427,Amiens,FR,49.9,2.3,11.11,57,75,6.17,broken clouds
428,Tuatapere,NZ,-46.1333,167.6833,14.44,59,12,7.6,few clouds
429,Namtsy,RU,62.7161,129.6658,-21.0,65,0,2.0,clear sky
430,Bajil,YE,15.0584,43.2851,29.05,56,17,5.94,few clouds
431,Pokrovskoye,RU,47.4157,38.8971,9.44,93,97,8.94,overcast clouds
432,Taltal,CL,-25.4,-70.4833,20.92,67,21,2.09,few clouds
433,Urengoy,RU,65.9667,78.3667,-1.96,97,100,4.16,overcast clouds
434,Kedrovyy,RU,56.1667,91.8167,2.0,87,75,5.0,light rain and snow
435,Sangar,RU,63.9242,127.4739,-31.78,99,24,0.79,few clouds
436,Coquimbo,CL,-29.9533,-71.3436,17.0,77,20,1.54,few clouds
437,Severnyy,RU,50.677,36.5532,7.0,49,0,5.0,clear sky
438,Baykalsk,RU,51.5058,104.1469,-0.42,76,26,4.14,scattered clouds
439,Ambilobe,MG,-13.2,49.05,25.46,85,25,0.42,light rain
440,Acheng,CN,45.5454,126.977,-2.0,74,0,1.0,clear sky
441,Saint Anthony,US,45.0205,-93.218,12.22,40,1,3.6,clear sky
442,Half Moon Bay,US,37.4636,-122.4286,10.56,71,90,1.54,haze
443,Dalbandin,PK,28.8947,64.4101,30.12,10,0,2.7,clear sky
444,Palauig,PH,15.435,119.9045,26.68,74,0,2.69,clear sky
445,Xiongyue,CN,40.1774,122.1228,7.07,29,68,8.41,broken clouds
446,Comodoro Rivadavia,AR,-45.8667,-67.5,18.0,48,0,5.14,clear sky
447,Giresun,TR,40.5,38.5,12.0,94,75,2.06,broken clouds
448,Obo,CF,5.3998,26.4869,35.83,17,99,2.69,overcast clouds
449,Zhigansk,RU,66.7697,123.3711,-23.73,99,100,1.59,overcast clouds
450,Sept-Iles,CA,50.2001,-66.3821,-1.11,54,75,5.66,broken clouds
451,Camrose,CA,53.0168,-112.8353,2.22,71,100,1.66,overcast clouds
452,Bonavista,CA,48.6499,-53.1147,10.0,81,100,2.06,overcast clouds
453,Marawi,PH,7.9986,124.2928,20.46,95,95,0.42,overcast clouds
454,Tura,IN,25.5198,90.2201,24.17,15,0,1.27,clear sky
455,Tazovskiy,RU,67.4667,78.7,-9.74,95,93,5.28,overcast clouds
456,Bara,NG,10.3744,10.7288,38.28,8,4,5.42,clear sky
457,Sepolno Krajenskie,PL,53.452,17.5317,6.67,61,99,6.36,overcast clouds
458,Batagay-Alyta,RU,67.8006,130.4114,-25.05,98,100,2.01,overcast clouds
459,Yantal,RU,56.8471,105.2542,-1.38,96,100,3.76,light snow
460,San Jose,US,37.3394,-121.895,11.11,71,90,3.09,overcast clouds
461,Izazi,TZ,-7.2,35.7333,25.0,53,40,2.57,scattered clouds
462,Springbok,ZA,-29.6643,17.8865,29.22,20,0,4.83,clear sky
463,Kununurra,AU,-15.7667,128.7333,23.0,88,99,1.98,overcast clouds
464,Varzea Da Palma,BR,-17.5981,-44.7308,31.45,45,94,1.9,overcast clouds
465,Shache,CN,38.4167,77.2406,11.59,36,100,2.66,overcast clouds
466,Aswan,EG,24.0934,32.907,27.27,10,3,6.43,clear sky
467,Nantucket,US,41.2835,-70.0995,3.0,56,40,5.66,scattered clouds
468,Bakchar,RU,57.0186,82.0711,0.7,98,100,3.55,overcast clouds
469,Yala,TH,6.3333,101.25,23.77,95,100,1.41,overcast clouds
470,Grants,US,35.1473,-107.8514,7.0,49,1,4.12,clear sky
471,La Cruz,MX,23.9167,-106.9,25.0,68,34,0.89,scattered clouds
472,Sainte-Agathe-Des-Monts,CA,46.0501,-74.2825,0.0,40,0,1.03,clear sky
473,Sudak,UA,44.85,34.9667,10.91,71,25,2.32,scattered clouds
474,Belle Fourche,US,44.6714,-103.8522,15.0,21,1,1.54,clear sky
475,Miramar,US,25.9873,-80.2323,22.22,40,90,9.26,overcast clouds
476,Sri Aman,MY,1.2376,111.4621,24.0,94,86,0.6,overcast clouds
477,Wanaka,NZ,-44.7,169.15,6.83,78,0,4.0,clear sky
478,Tamandare,BR,-8.7597,-35.1047,29.56,61,24,3.99,few clouds
479,Vila Velha,BR,-20.3297,-40.2925,28.0,65,40,6.17,scattered clouds
480,Andapa,MG,-14.65,49.65,21.6,97,41,0.72,light rain
481,Ust-Maya,RU,60.4167,134.5333,-18.03,97,100,1.34,overcast clouds
482,Big Spring,US,32.2504,-101.4787,15.56,63,1,8.75,clear sky
483,Gushikawa,JP,26.3544,127.8686,22.0,88,90,1.54,overcast clouds
484,Reichenbach,DE,48.7101,9.4643,11.11,40,0,4.63,clear sky
485,Kautokeino,NO,69.0125,23.0412,-1.36,80,86,6.83,overcast clouds
486,Minna,NG,9.6139,6.5569,39.0,8,0,4.63,clear sky
487,Sibu,MY,2.3,111.8167,26.0,89,40,2.06,scattered clouds
488,Nova Olimpia,BR,-14.7972,-57.2881,31.67,57,98,0.85,light rain
489,Verkhniy Mamon,RU,50.1635,40.3832,6.19,87,100,4.84,overcast clouds
490,Komsomolskiy,UZ,40.4272,71.7189,13.0,28,64,1.84,broken clouds
491,Bitlis,TR,38.5,42.25,1.18,88,30,2.65,scattered clouds
492,Gampaha,LK,7.0897,79.9925,29.0,74,20,3.09,few clouds
493,Tshikapa,CD,-6.4167,20.8,26.24,78,83,1.44,light rain
494,Birao,CF,10.2849,22.7882,39.03,9,72,4.03,broken clouds
495,Morehead,US,37.2711,-87.1764,11.11,24,1,4.63,clear sky
496,Hualmay,PE,-11.0964,-77.6139,22.74,75,70,3.35,broken clouds
497,Rio Verde De Mato Grosso,BR,-18.9181,-54.8442,34.04,31,83,3.95,broken clouds
498,Matara,LK,5.9485,80.5353,26.74,82,8,4.75,clear sky
499,Pemangkat,ID,1.1667,108.9667,25.78,81,91,3.85,overcast clouds
500,Salym,RU,60.0625,71.4789,1.41,98,100,2.94,overcast clouds
501,Caravelas,BR,-17.7125,-39.2481,26.96,76,53,3.46,broken clouds
502,Fort Abbas,PK,29.1925,72.8536,30.06,6,0,4.42,clear sky
503,Vorotynets,RU,56.0603,45.8633,0.74,92,100,3.08,overcast clouds
504,Kindu,CD,-2.95,25.95,25.63,83,91,1.12,light rain
505,Quatre Cocos,MU,-20.2078,57.7625,28.0,78,40,2.06,scattered clouds
506,Hermosillo,MX,29.0667,-110.9667,20.56,24,1,1.12,clear sky
507,Asmara,ER,15.3333,38.9333,15.74,64,6,4.02,clear sky
508,Vuktyl,RU,63.8567,57.3094,-1.58,91,100,1.92,overcast clouds
509,Cutro,IT,39.0353,16.9819,16.67,94,40,8.75,scattered clouds
510,Bida,NG,9.0833,6.0167,40.8,12,40,1.7,scattered clouds
511,Bonthe,SL,7.5264,-12.505,30.7,63,67,6.14,broken clouds
512,Nelson Bay,AU,-32.7167,152.15,18.89,88,3,2.57,clear sky
513,Pringsewu,ID,-5.3582,104.9744,23.44,95,100,1.11,overcast clouds
514,Hellvik,NO,59.9156,5.781,6.67,61,75,2.57,broken clouds
515,Sola,VU,-13.8833,167.55,28.12,77,98,7.46,overcast clouds
516,Cotonou,BJ,6.3654,2.4183,32.0,70,40,4.63,haze
517,Paamiut,GL,61.994,-49.6678,-1.24,87,100,3.48,overcast clouds
518,Harper,LR,4.375,-7.7169,29.12,68,75,2.99,light rain
519,Shenjiamen,CN,29.9576,122.298,11.86,87,97,8.86,light rain
520,Ketchikan,US,55.3422,-131.6461,-0.64,91,52,1.2,broken clouds
521,Fare,PF,-16.7,-151.0167,27.52,73,90,4.06,light rain
522,Alice Springs,AU,-23.7,133.8833,18.0,63,0,0.51,clear sky
523,Shubarshi,KZ,48.5872,57.1869,4.7,82,74,3.64,broken clouds
524,Kawalu,ID,-7.3817,108.2082,22.78,95,82,1.18,broken clouds
525,Sovetskaya Gavan,RU,48.9723,140.2878,-0.97,52,3,5.85,clear sky
526,Solnechnyy,RU,50.7214,136.6319,-3.78,55,23,7.97,few clouds
527,Broome,US,42.2506,-75.833,3.33,40,1,3.09,clear sky
528,Kiomboi,TZ,-4.2667,34.3667,20.81,77,90,3.78,light rain
529,Atambua,ID,-9.1061,124.8925,23.08,94,100,2.25,heavy intensity rain
530,Hervey Bay,AU,-25.2986,152.8535,21.67,90,100,1.79,moderate rain
531,Montepuez,MZ,-13.1256,38.9997,22.99,95,100,2.13,light rain
532,Odienne,CI,9.51,-7.5692,39.94,12,96,1.75,overcast clouds
533,Diamantino,BR,-14.4086,-56.4461,30.36,57,100,1.8,overcast clouds
534,Hamilton,US,39.1834,-84.5333,8.89,39,1,3.6,clear sky
535,Wad Madani,SD,14.4012,33.5199,37.12,14,10,9.22,clear sky
536,Port Hawkesbury,CA,45.6169,-61.3485,1.11,93,90,5.14,heavy intensity rain
537,Panaba,MX,21.2833,-88.2667,25.52,39,3,5.57,clear sky
538,Ilulissat,GL,69.2167,-51.1,-14.0,72,75,6.17,snow
539,Rocky Mountain House,CA,52.3668,-114.9188,-2.0,86,100,0.51,overcast clouds
540,Washougal,US,45.5826,-122.3534,7.78,81,1,1.54,clear sky
541,Marsh Harbour,BS,26.5412,-77.0636,19.64,56,31,11.09,scattered clouds
542,Kichera,RU,55.9375,110.0997,-2.64,95,100,0.93,light snow
543,Port Augusta,AU,-32.5,137.7667,20.0,64,0,2.57,clear sky
544,Flinders,AU,-34.5833,150.8552,17.78,86,7,0.45,clear sky
545,Kavieng,PG,-2.5744,150.7967,27.41,80,51,3.23,light rain
546,Dudinka,RU,69.4058,86.1778,-28.26,92,12,2.08,few clouds
547,Azangaro,PE,-14.9167,-70.2167,11.0,58,20,3.09,few clouds
548,Malkapur,IN,20.8833,76.2,33.7,13,2,2.7,clear sky
549,Guerrero Negro,MX,27.9769,-114.0611,15.99,79,7,4.61,clear sky
550,Nioro,GM,13.35,-15.75,39.79,14,22,1.7,few clouds
551,Petawawa,CA,45.9001,-77.3328,5.0,59,20,1.54,few clouds
552,Seoul,KR,37.5683,126.9778,12.0,93,90,3.6,overcast clouds
553,Walvis Bay,NA,-22.9575,14.5053,32.0,31,22,4.63,few clouds
554,Lac Du Bonnet,CA,50.2536,-96.0612,6.67,99,53,1.34,broken clouds
555,Fossano,IT,44.5489,7.7201,20.0,39,75,5.66,broken clouds
556,Vanimo,PG,-2.6741,141.3028,25.32,88,100,2.91,overcast clouds
557,Borgarnes,IS,64.5383,-21.9206,5.56,90,100,12.96,light rain
558,Buala,SB,-8.145,159.5921,27.14,81,98,2.54,light rain
559,Lazaro Cardenas,MX,17.9583,-102.2,28.34,51,9,1.1,clear sky
560,Sokolo,ML,14.7328,-6.1219,39.22,3,17,4.93,few clouds
561,Vardo,NO,70.3705,31.1107,1.0,75,75,4.63,broken clouds
562,Strezhevoy,RU,60.7333,77.5889,3.0,93,90,4.0,light rain
563,Pontes E Lacerda,BR,-15.2261,-59.3353,30.63,55,71,1.8,heavy intensity rain
564,Hoi An,VN,15.8794,108.335,26.0,89,40,2.06,scattered clouds
565,Umm Kaddadah,SD,13.6017,26.6876,32.52,9,32,8.81,scattered clouds
566,Palmer,US,42.1584,-72.3287,4.44,24,1,3.6,clear sky
567,Praya,CV,14.9215,-23.5087,30.0,32,0,7.72,clear sky
568,Pontianak,ID,-0.0333,109.3333,27.0,83,40,2.2,scattered clouds
569,Arman,RU,59.7,150.1667,-7.99,71,100,5.81,overcast clouds
570,Askiz,RU,53.1319,90.5264,2.82,63,100,3.94,overcast clouds
571,Moutier,CH,47.2782,7.3695,11.0,37,20,8.75,few clouds
572,Cheney,US,47.4874,-117.5758,6.0,61,90,3.09,overcast clouds
573,Itarema,BR,-2.9248,-39.9167,29.23,72,33,6.61,scattered clouds
574,El Paso,US,31.8001,-106.2005,20.56,37,1,2.45,clear sky
575,Pudozh,RU,61.8099,36.5345,1.12,90,90,1.45,light snow
576,Setermoen,NO,68.861,18.3486,4.0,75,75,5.66,light intensity drizzle
577,Lucapa,AO,-8.4192,20.7447,24.28,83,100,1.97,moderate rain
578,Salinopolis,BR,-0.6136,-47.3561,27.31,78,82,4.32,broken clouds
579,Shelburne,CA,44.0787,-80.2041,6.67,48,100,6.46,overcast clouds
580,Champerico,GT,14.3,-91.9167,28.0,74,40,1.25,scattered clouds
581,Kalanwali,IN,29.85,74.95,25.05,7,0,2.84,clear sky
582,Sakakah,SA,29.9697,40.2064,22.0,14,0,3.09,clear sky
583,Yakeshi,CN,49.2833,120.7333,-0.43,49,0,3.56,clear sky
584,Oksfjord,NO,70.2396,22.3479,3.33,56,90,4.63,light rain
585,Vung Tau,VN,10.346,107.0843,27.47,81,57,6.4,broken clouds
586,Sorland,NO,67.667,12.6934,5.0,87,75,11.32,broken clouds
587,Puri,IN,19.8,85.85,29.0,79,40,3.09,haze
588,Qaqortoq,GL,60.7167,-46.0333,4.0,81,75,1.54,broken clouds
589,Gargzdai,LT,55.7128,21.4033,5.0,81,0,5.14,clear sky
590,Mancio Lima,BR,-7.6142,-72.8958,25.0,100,90,1.54,overcast clouds
591,Mayo,US,38.8876,-76.5119,7.78,36,1,4.63,clear sky
592,Salisbury,GB,51.0693,-1.7957,10.0,57,90,6.69,overcast clouds
593,Barranca,PE,-10.75,-77.7667,22.2,75,78,3.28,broken clouds
594,Presidente Epitacio,BR,-21.7633,-52.1156,31.86,26,6,2.92,clear sky
595,Metro,ID,-5.1131,105.3067,24.34,88,93,1.5,overcast clouds
596,Huainan,CN,32.6264,116.9969,7.76,86,97,4.78,overcast clouds
597,Sesheke,ZM,-17.4759,24.2968,29.71,29,2,3.37,clear sky
598,Ust-Kuyga,RU,70.0167,135.6,-23.18,97,100,2.91,overcast clouds
599,Plouzane,FR,48.3833,-4.6167,12.0,62,20,8.75,few clouds
600,Chapais,CA,49.7834,-74.8492,-7.0,38,1,3.6,clear sky
601,Hirara,JP,24.8,125.2833,23.33,83,87,7.09,overcast clouds
602,Borovskoy,KZ,53.8,64.15,0.88,87,100,5.63,overcast clouds
603,Kavaratti,IN,10.5669,72.642,28.47,61,100,4.29,overcast clouds
604,Itoman,JP,26.1247,127.6694,23.0,88,75,1.03,broken clouds
605,Kathu,TH,7.9178,98.3332,29.0,79,20,4.12,few clouds
606,Zvishavane,ZW,-20.3267,30.0665,27.41,38,0,4.36,clear sky
607,Belousovka,KZ,50.1339,82.5239,1.0,60,44,1.0,scattered clouds
608,Fort Wellington,GY,6.4,-57.6,27.88,74,67,3.47,broken clouds
609,Paros,GR,37.0833,25.15,17.78,77,40,5.14,scattered clouds
610,Labuhan,ID,-6.8844,112.2051,27.52,80,62,4.02,broken clouds
611,Newport,GB,51.5877,-2.9984,12.22,55,5,3.58,clear sky
612,Privolnyy,RU,44.0998,46.6587,14.26,45,96,3.18,overcast clouds
613,Upata,VE,8.0086,-62.3989,28.33,70,97,2.68,overcast clouds
614,Nizhniy Chir,RU,48.3597,43.0865,10.47,68,97,9.33,overcast clouds
615,Kon Tum,VN,14.35,108.0,21.68,76,61,1.42,broken clouds
616,Akcaabat,TR,41.0212,39.5715,11.0,93,75,1.54,broken clouds
617,Fomboni,KM,-12.28,43.7425,29.08,67,60,2.53,broken clouds
618,Salta,AR,-24.7859,-65.4117,20.0,68,20,1.03,few clouds
619,Tianpeng,CN,30.9866,103.9393,17.0,63,40,1.0,scattered clouds
620,Kulgam,IN,33.65,75.0167,9.19,45,1,1.16,clear sky
621,Kilgore,US,32.3863,-94.8758,12.22,58,90,3.6,overcast clouds
622,Kaeo,NZ,-35.1,173.7833,16.11,95,45,0.45,scattered clouds
623,Antofagasta,CL,-23.65,-70.4,20.0,64,20,3.6,few clouds
624,Conceicao Do Araguaia,BR,-8.2578,-49.2647,30.84,59,42,1.65,scattered clouds
625,Nyuksenitsa,RU,60.4128,44.2397,0.57,90,99,0.92,overcast clouds
626,Aguimes,ES,27.9054,-15.4461,22.0,53,20,12.86,few clouds
627,Chabahar,IR,25.2919,60.643,27.91,58,0,2.65,clear sky
628,Pustoshka,RU,56.3355,29.369,5.26,57,85,2.86,light rain
629,Moscow,RU,55.7522,37.6156,5.0,65,0,3.0,light rain
630,Kannur,IN,11.8675,75.3576,27.39,68,19,3.5,few clouds
631,Aitape,PG,-3.1374,142.3475,25.42,88,100,2.44,light rain
632,Kudahuvadhoo,MV,2.6708,72.8944,28.77,74,5,6.97,clear sky
633,Peniche,PT,39.3558,-9.3811,15.0,85,23,4.02,few clouds
634,Ulaanbaatar,MN,47.9077,106.8832,-2.0,59,0,1.0,clear sky
635,Oytal,KZ,42.9057,73.2697,5.87,52,23,3.72,few clouds
636,Reconquista,AR,-29.15,-59.65,26.06,47,21,3.49,few clouds
637,State College,US,40.7934,-77.86,5.56,41,1,2.57,clear sky
638,Agadez,NE,19.75,10.25,30.99,6,47,5.36,scattered clouds
639,Krasnyy Chikoy,RU,50.3643,108.7512,-2.27,73,29,0.43,scattered clouds
640,Uren,RU,57.4552,45.7852,0.84,81,100,2.59,overcast clouds
641,Jega,NG,12.2175,4.3792,38.58,4,1,5.07,clear sky
642,Viedma,AR,-40.8135,-62.9967,23.06,49,100,6.6,overcast clouds
643,Oistins,BB,13.0667,-59.5333,29.0,54,40,11.32,scattered clouds
644,Pascagoula,US,30.3658,-88.5561,17.0,42,1,3.6,clear sky
645,Najran,SA,17.4924,44.1277,34.0,8,0,2.57,clear sky
646,Naron,ES,43.5167,-8.1528,18.89,63,0,5.14,clear sky
647,Manadhoo,MV,5.7667,73.3833,28.66,72,18,4.81,few clouds
648,Vila Do Maio,CV,15.1333,-23.2167,30.0,32,0,7.72,clear sky
649,Cururupu,BR,-1.8283,-44.8683,30.99,57,87,3.14,heavy intensity rain
650,Chatham,GB,51.3789,0.5279,10.0,72,28,1.79,scattered clouds
651,Sioux Lookout,CA,50.1001,-91.917,4.0,52,20,5.14,few clouds
652,Igdir,TR,39.9237,44.045,15.0,29,75,1.03,broken clouds
653,Ponta Delgada,PT,37.7333,-25.6667,18.0,82,75,9.26,broken clouds
654,Kloulklubed,PW,7.0419,134.2556,25.0,88,75,4.61,broken clouds
655,Fayaoue,NC,-20.65,166.5333,26.13,86,100,8.08,light rain
656,Lata,PT,40.1629,-8.3327,22.22,83,27,0.89,scattered clouds
657,Meulaboh,ID,4.1363,96.1285,25.33,85,100,1.55,overcast clouds
658,Cap Malheureux,MU,-19.9842,57.6142,27.78,77,3,2.24,clear sky
659,Inta,RU,66.0317,60.1659,-2.6,91,100,1.79,overcast clouds
660,Magdagachi,RU,53.45,125.8,-13.22,95,74,0.95,broken clouds
661,Nusaybin,TR,37.0778,41.2178,19.0,30,20,5.14,few clouds
662,Saint-Leu,RE,-21.15,55.2833,28.0,78,75,1.03,moderate rain
663,Chara,RU,56.9064,118.2631,-10.74,80,66,0.94,broken clouds
664,Trofors,NO,65.5333,13.4063,5.0,81,75,2.57,moderate rain
665,Jauharabad,PK,32.2898,72.2813,23.26,14,0,3.42,clear sky
666,Beloha,MG,-25.1667,45.05,24.96,65,0,4.92,clear sky
667,Kalemie,CD,-5.9475,29.1947,25.11,75,84,3.43,broken clouds
668,Coruripe,BR,-10.1256,-36.1756,29.74,59,5,4.81,clear sky
669,Garachine,PA,8.0647,-78.3628,26.28,85,100,3.47,overcast clouds
670,Isangel,VU,-19.55,169.2667,26.11,85,100,5.56,overcast clouds
671,Kiunga,PG,-6.1219,141.2906,22.94,98,100,1.96,light rain
672,Ariquemes,BR,-9.9133,-63.0408,29.42,62,79,1.94,broken clouds
673,Camopi,GF,3.1655,-52.3158,28.58,73,73,1.9,broken clouds
674,Beira,MZ,-19.8436,34.8389,29.0,58,20,3.09,few clouds
675,Weinan,CN,34.5036,109.5089,12.0,82,90,4.0,overcast clouds
676,Tonj,SS,7.2737,28.6822,38.72,11,36,3.33,scattered clouds
677,Yeppoon,AU,-23.1333,150.7333,23.0,78,90,3.09,overcast clouds
678,Zyryanka,RU,65.75,150.85,-29.74,100,69,2.74,broken clouds
679,Awjilah,LY,29.1081,21.2869,27.97,13,0,1.41,clear sky
680,Qeshm,IR,26.9581,56.2719,30.0,51,0,4.12,haze
681,Nouakchott,MR,18.0858,-15.9785,42.0,8,9,7.2,sand
682,Shunyi,CN,40.125,116.6453,12.78,56,0,2.0,clear sky
683,Lamas,PE,-6.4167,-76.5333,27.0,83,75,1.54,broken clouds
684,Catuday,PH,16.2923,119.8062,26.09,83,12,2.42,few clouds
685,Santa Rosa,PH,14.3122,121.1114,28.0,74,20,2.06,few clouds
686,Taoudenni,ML,22.6783,-3.9836,39.77,5,80,5.29,broken clouds
687,Nemuro,JP,43.3236,145.575,4.72,89,100,11.19,overcast clouds
688,Starkville,US,33.4504,-88.8184,12.22,46,1,3.6,clear sky
689,Ambulu,ID,-8.345,113.6058,25.27,86,86,1.07,overcast clouds
690,Dingle,PH,10.9995,122.6711,24.28,83,96,2.79,overcast clouds
691,Uribia,CO,11.7139,-72.266,30.73,52,99,8.71,overcast clouds
692,Leova,MD,46.4786,28.2553,11.31,48,100,2.32,light rain
693,Posevnaya,RU,54.3006,83.3297,-4.93,93,98,3.16,overcast clouds
694,La Baneza,ES,42.3003,-5.8977,22.78,25,20,5.66,few clouds
695,Lachi,PK,33.3833,71.3386,24.0,23,40,1.45,haze
